Title,URLs,Categories
"Anaplan の導入準備の 5 つのベスト プラクティス",https://www.anaplan.com/jp/papers/five-best-practices-to-anaplan-readiness/,
Anaplanによる顧客アカウントのセグメント化と点数化,https://www.anaplan.com/jp/papers/account-segmentation-and-scoring/,
Aviva,https://www.anaplan.com/jp/customers/aviva/,
CRMデータを瞬時に分析、把握し、企業の競争力を強化する,https://www.anaplan.com/jp/webinars/analyze-grasp-crm-data-instantaneously-strengthen-companys-competitiveness/,
"Del Monte",https://www.anaplan.com/jp/videos/del-monte/,
Excelitas,https://www.anaplan.com/jp/videos/excelitas/,
HP,https://www.anaplan.com/jp/customers/hp/,
"Hub Comes To You 東京",https://www.anaplan.com/jp/events/hub-comes-to-you/,
"Leaders Connect",https://www.anaplan.com/jp/events/leaders-connect/,
"United Airlines",https://www.anaplan.com/jp/videos/united-airlines/,
"コネクテッド サプライ チェーン計画",https://www.anaplan.com/jp/papers/connected-supply-chain-planning/,
"サプライ チェーン全体の連携が業績向上をもたらす理由",https://www.anaplan.com/jp/papers/connecting-supply-chain-improves-business-performance/,
"サプライチェーン計画を 収益性につなげる",https://www.anaplan.com/jp/papers/connecting-supply-chain-planning-profitability/,
すべての要素を網羅した包括的な営業報酬計画を,https://www.anaplan.com/jp/papers/construct-optimized-sales-compensation-plan/,
セキュリティの概要,https://www.anaplan.com/jp/papers/anaplan-architecture-and-security-controls/,
ゼロベース予算編成のための5つのベストプラクティス,https://www.anaplan.com/jp/papers/5-best-practices-to-world-class-zero-based-budgeting-during-2016/,
ビジネス継続性とディザスタリカバリ,https://www.anaplan.com/jp/papers/disaster-recovery/,
企業の計画立案・予算編成システム選定のための5つの検討事項,https://www.anaplan.com/jp/papers/five-things-to-look-for-in-an-enterprise-planning-and-budgeting-system/,
成長をもたらす財務部門主導型の統合事業計画立案に向けた3つのステップ,https://www.anaplan.com/jp/papers/hbr-finance-paper/,
戦略的計画立案のための、新たな作戦,https://www.anaplan.com/jp/papers/hbr-the-new-game-plan-to-strategic-planning/,
"表計算シートでの計画立案から移行すべき7 つの理由",https://www.anaplan.com/jp/papers/7-reasons-to-choose-anaplan-to-replace-your-planning-spreadsheets/,
計画立案の主導権をファイナンス部門に取り戻す,https://www.anaplan.com/jp/papers/finance-whitepaper/,
