Title,URLs,Categories
Vers des fonctions S&#038;OP de nouvelle génération réellement connectées,https://www.anaplan.com/fr/papiers/vers-des-fonctions-sop-de-nouvelle-generation-reellement-connectees/,
Favoriser la collaboration entre Supply Chain et Finances : une approche bénéfique pour toute l’entreprise,https://www.anaplan.com/fr/papiers/favoriser-collaboration-entre-supply-chain-finances-approche-benefique-toute-entreprise/,
Future Of Finance,https://www.anaplan.com/fr/events/future-of-finance/,
Connected Supply Chain,https://www.anaplan.com/fr/papiers/connected-supply-chain/,
SCMR Report,https://www.anaplan.com/fr/papiers/scmr-report/,
Connected Supply Chain Planning,https://www.anaplan.com/fr/papiers/connected-supply-chain-planning/,
Anaplan Hub 18 Paris Recap,https://www.anaplan.com/fr/videos/hcty-18-paris-recap/,
Gartner SPM Magic Quandrant 2018,https://www.anaplan.com/fr/papiers/anaplan-recognized-gartner-spm-mq-2018/,
Prévisions de trésorerie et pilotage de la performance Cash,https://www.anaplan.com/fr/webinars/previsions-de-tresorerie-et-pilotage-de-la-performance-cash/,
Retail planning 4.0: les tratégies gagnantes,https://www.anaplan.com/fr/papiers/retail-planning-4.0-les-trategies-gagnantes/,
Être prêt pour IFRS 16 : Témoignage client d&#8217;IMERYS,https://www.anaplan.com/fr/webinars/etre-pret-pour-ifrs-16-temoignage-client-dimerys/,
Joining the Dots: How connected planning will transform banking,https://www.anaplan.com/fr/papiers/how-connected-planning-will-transform-banking/,
Gartner classe Anaplan parmi les « Leaders »,https://www.anaplan.com/fr/papiers/gartner-anaplan-leaders-2017-magic-quadrant/,
"Anaplan pour la planification, la budgétisation et la prévision",https://www.anaplan.com/fr/papiers/anaplan-pour-la-planification-la-budgetisation-et-la-prevision/,
Quels sont les principaux défis de l’industrie bancaire ?,https://www.anaplan.com/fr/webinars/quels-sont-les-principaux-defis-de-lindustrie-bancaire/,
"La Direction Financière, véritable soutien et support des différents métiers opérationnels.",https://www.anaplan.com/fr/videos/maison-du-monde/,
Cas clients : 4 valeurs clés perçues par les utilisateurs d&#8217;Anaplan,https://www.anaplan.com/fr/webinars/cas-clients-4-valeurs-cles-percues-utilisateurs-anaplan/,
Transformer les contrôleurs de gestion,https://www.anaplan.com/fr/webinars/transformer-controleurs-gestion-veritables-business-partners-4-etapes/,
Forrester TEI,https://www.anaplan.com/fr/papiers/forrester-tei/,
Planification budgétaire : connexion de SAP BFC et Anaplan,https://www.anaplan.com/fr/webinars/planification-budgetaire-connexion-sap-bfc-anaplan/,
Anaplan named a leader in SCPM by Gartner,https://www.anaplan.com/fr/papiers/anaplan-named-leader-scpm-gartner/,
Distribution : une nouvelle solution de planification de l’Offre et des Assortiments,https://www.anaplan.com/fr/papiers/planification-etape-cruciale-lacteurs-distribution-du-commerce-details/,
Anaplan Hub 17 Paris,https://www.anaplan.com/fr/videos/paris-hub-2017/,
Anaplan présente : Itinéraire d&#8217;un CIO connecté,https://www.anaplan.com/fr/videos/anaplan-presente-itineraire-dun-cio-connecte/,
AccorHotels,https://www.anaplan.com/fr/videos/accor-hotels/,
Live webinar IFRS 16,https://www.anaplan.com/fr/webinar/5-a-20-jours-pour-etre-pret-sans-douleur/,
Projets industriels,https://www.anaplan.com/fr/webinar/optimisation-de-la-rentabilite-du-cycle-de-vie-dun-produit-dans-le-secteur-industriel/,
6 defis a relever avec Anaplan,https://www.anaplan.com/fr/papiers/6-defis-a-relever-avec-anaplan/,
La Harvard Business Review,https://www.anaplan.com/fr/papiers/la-harvard-business-review/,
Pilotage RH,https://www.anaplan.com/fr/webinar/pilotage-rh/,
Hub16 Paris Highlight,https://www.anaplan.com/fr/videos/hub16-paris-highlight/,
Forrester Wave,https://www.anaplan.com/fr/papiers/forrester-wave/,
Favoriser la collaboration entre supply chain et finances,https://www.anaplan.com/fr/papiers/favoriser-la-collaboration-entre-supply-chain-et-finances/,
Groupe Rocher,https://www.anaplan.com/fr/videos/groupe-rocher/,
Hub16 Breakout Session,https://www.anaplan.com/fr/videos/hub16-breakout-session/,
Hub16 table ronde,https://www.anaplan.com/fr/videos/hub16-table-ronde/,
Mint Jutras,https://www.anaplan.com/fr/papiers/mint-jutras/,
7 raisons de passer des tableurs,https://www.anaplan.com/fr/papiers/7-raisons-de-passer-des-tableurs/,
Sales Forecasting,https://www.anaplan.com/fr/demos/sales-forecasting/,
5 temoignages inspirants,https://www.anaplan.com/fr/papiers/5-temoignages-inspirants/,
BlaBlaCar,https://www.anaplan.com/fr/videos/blablacar/,
Quadran,https://www.anaplan.com/fr/videos/quadran-sappuie-sur-anaplan/,
Optimisation des remunerations incitatives,https://www.anaplan.com/fr/papiers/optimisation-des-remunerations-incitatives/,
Anaplan Daydream,https://www.anaplan.com/fr/webinar/anaplan-daydream/,
Umanis,https://www.anaplan.com/fr/videos/umanis/,
Paris Hub 2015,https://www.anaplan.com/fr/videos/paris-hub-2015/,
Club les Echos Débats,https://www.anaplan.com/fr/papiers/le-book-les-echos-debats/,
Une nouvelle ere pour la planification dentreprise,https://www.anaplan.com/fr/papiers/une-nouvelle-ere-pour-la-planification-dentreprise/,
Investir sur de nouveaux marches prometteurs tout en reduisant les risques,https://www.anaplan.com/fr/papiers/investir-sur-de-nouveaux-marches-prometteurs-tout-en-reduisant-les-risques/,
Croitre cest planifier,https://www.anaplan.com/fr/webinars/croitre-cest-planifier/,
Anaplan en action,https://www.anaplan.com/fr/videos/anaplan-en-action/,
Remplacez en 30 mn votre tableur par une application anaplan,https://www.anaplan.com/fr/webinar/remplacez-en-30-mn-votre-tableur-par-une-application-anaplan/,
Plannifier collaborer et agir avec anaplan,https://www.anaplan.com/fr/webinar/plannifier-collaborer-et-agir-avec-anaplan/,
Legal and General,https://www.anaplan.com/fr/videos/legal-and-general/,
Le responsable marketing moderne seloigne enfin du tableur et voila pourquoi,https://www.anaplan.com/fr/papiers/le-responsable-marketing-moderne-seloigne-enfin-du-tableur-et-voila-pourquoi/,
Redonner les pleins pouvoirs de planification a la finance,https://www.anaplan.com/fr/papiers/redonner-les-pleins-pouvoirs-de-planification-a-la-finance/,
7 raisons depasser des tableurs,https://www.anaplan.com/fr/papiers/7-raisons-depasser-des-tableurs/,
Accor Hotels,https://www.anaplan.com/fr/videos/accorhotels/,
Forescout,https://www.anaplan.com/fr/cas-client/forescout/,
La Révolution Cloud,https://www.anaplan.com/fr/videos/la-revolution-cloud/,
Pour avancer dans la jungle Utilisez la finance comme GPS,https://www.anaplan.com/fr/papiers/pour-avancer-dans-la-jungle-utilisez-la-finance-comme-gps/,
Termoignage HP ventes et operations,https://www.anaplan.com/fr/videos/termoignage-hp-ventes-et-operations/,
Toujours plus vite,https://www.anaplan.com/fr/infographie/toujours-plus-vite/,
Cas client Pandora,https://www.anaplan.com/fr/cas-client/pandora/,
7 raisons de choisir anaplan pour remplacer vos tableaux de planification,https://www.anaplan.com/fr/papiers/sept-bonnes-raisons-de-choisir-anaplan-pour-remplacer-vos-tableaux-de-planification/,
Darren Craddock Aviva,https://www.anaplan.com/fr/videos/darren-craddock-aviva/,
Les dirigeants de HP,https://www.anaplan.com/fr/videos/les-dirigeants-de-hp/,
Budget planning forecasting avec Anaplan,https://www.anaplan.com/fr/webinars/budget-planning-forecasting-avec-anaplan/,
Sue Barsamian HP,https://www.anaplan.com/fr/videos/sue-barsamian-hp/,
McAfee,https://www.anaplan.com/fr/ressources/cas-client/mcafee/,
Planification et prévision des flux de trésorerie,https://www.anaplan.com/fr/resource/planification-et-prevision-des-flux-de-tresorerie/,
La planification des effectifs,https://www.anaplan.com/fr/papiers/fiche-produit-anaplan-pour-les-rh/,
Pourquoi avez vous besoin dune technologie de rupture pour regler les problemes de planification,https://www.anaplan.com/fr/papiers/pourquoi-avez-vous-besoin-dune-technologie-de-rupture-pour-regler-les-problemes-de-planification/,
Les équipes commerciales ultra-performantes existent bien,https://www.anaplan.com/fr/papiers/les-equipes-commerciales-ultra-performantes-existent-bien/,
Pour la finance,https://www.anaplan.com/fr/papiers/fiche-produit-anaplan-pour-la-finance/,
La consolidation financiere,https://www.anaplan.com/fr/papiers/fiche-produit-la-consolidation-financiere/,
Le big data au service de la performance globale dentreprise,https://www.anaplan.com/fr/papiers/le-big-data-au-service-de-la-performance-globale-dentreprise/,
Anaplan pour les ventes,https://www.anaplan.com/fr/papiers/fiche-produit-anaplan-pour-les-ventes/,
Planification des ventes ca passe ou ca casse,https://www.anaplan.com/fr/papiers/planification-des-ventes-ca-passe-ou-ca-casse/,
Editeur de crm dans le cloud,https://www.anaplan.com/fr/cas-client/editeur-de-crm-dans-le-cloud/,
Sanders,https://www.anaplan.com/fr/ressources/cas-client/sanders/,
Leadersconnect,https://www.anaplan.com/fr/evenement/leaders-connect/,
Planification connectée pour les RH : Entrez dans la nouvelle ère !,https://www.anaplan.com/fr/webinars/planification-connectee-rh-entrez-nouvelle-ere/,