title, url, taxonomy, publish_date, modified_date,
Anaplan zum Anfassen – mit Woodmark,https://www.anaplan.com/de/events/anaplan-zum-anfassen-connected-planning-mit-anaplan-und-woodmark/,"[Der Umsatz,Finanzen,Lieferkette,Veranstaltungen]",2018-09-17T19:49:59+00:00,2018-09-19T17:43:08+00:00,
Anaplan für Ihre Personalplanung,https://www.anaplan.com/de/resource/papers/anaplan-fur-ihre-personalplanung/,[],2017-02-09T16:29:26+00:00,2018-07-05T16:33:14+00:00,
Ihr ROI beim Kauf einer Planungslösung,https://www.anaplan.com/de/resources/papers/forrester-tei/,[Papiere],2017-10-09T17:36:29+00:00,2018-08-28T18:04:29+00:00,
Leader im Bereich Sales Performance Management,https://www.anaplan.com/de/resources/papers/de-gartner-spm-mq/,[Papiere],2017-07-10T17:12:36+00:00,2018-08-28T18:05:03+00:00,
KPIs in 30 Minuten statt in einer Woche.,https://www.anaplan.com/de/resources/case-studies/legal-and-general/,"[Fallstudien,Videospiele]",2017-06-15T21:30:51+00:00,2018-08-28T18:05:25+00:00,
Corporate Tax Reporting,https://www.anaplan.com/de/corporate-tax-reporting/,[],2017-06-15T18:51:31+00:00,2017-06-15T18:51:31+00:00,
Statistical forecasting,https://www.anaplan.com/de/statistical-forecasting/,[],2017-06-15T18:22:23+00:00,2017-06-15T18:44:08+00:00,
Barc survey infographic,https://www.anaplan.com/de/resources/papers/barc-survey-infographic/,[Infografik],2017-03-21T01:32:30+00:00,2017-03-23T17:54:30+00:00,
Anaplan S&#038;OP Planning,https://www.anaplan.com/de/resources/papers/anaplan-sop-planning-datasheet/,"[Datenblätter,Papiere]",2017-02-24T22:35:08+00:00,2017-05-17T18:39:09+00:00,
Wie entscheidend ist die Absatzplanung für Ihren Vertriebserfolg?,https://www.anaplan.com/de/resources/papers/sales-infographic/,[Papiere],2017-02-24T22:25:37+00:00,2018-02-26T23:26:08+00:00,
HR Datasheet,https://www.anaplan.com/de/resources/datasheets/hr-datasheet/,[Datenblätter],2017-02-24T22:02:36+00:00,2017-03-23T17:57:30+00:00,
Anaplan für Ihre Marketingplanung,https://www.anaplan.com/de/resources/datasheets/marketing-resource-management/,[Datenblätter],2017-02-24T22:00:07+00:00,2018-08-28T18:10:58+00:00,
Anaplan für Ihre S&#038;OP Prozesse,https://www.anaplan.com/de/resource/papers/anaplan-fur-ihre-sop-prozesse/,[],2015-03-19T15:39:50+00:00,2018-06-20T17:54:27+00:00,
Wie steigern Sie die Effektivität Ihres Vertriebes?,https://www.anaplan.com/de/resources/papers/high-performance-sales/,[Papiere],2017-02-24T21:43:54+00:00,2018-06-08T16:36:07+00:00,
Accorhotels,https://www.anaplan.com/de/resources/case-studies/accorhotels/,"[Fallstudien,Videospiele]",2017-02-15T20:00:21+00:00,2017-09-14T00:11:14+00:00,
Anaplan: Die Plattform für intelligente Unternehmen,https://www.anaplan.com/de/resources/papers/mint-jutras-report/,[Papiere],2017-02-15T19:57:43+00:00,2018-08-28T18:11:41+00:00,
Der neue Spielplan zur strategischen Planung,https://www.anaplan.com/de/resources/papers/hbr-report/,[Papiere],2017-02-15T19:52:37+00:00,2018-08-28T18:12:05+00:00,
Welche Vorteile bringen moderne Cloud-Lösungen mit sich?,https://www.anaplan.com/de/resources/papers/fsn-on-premise/,[Papiere],2017-02-15T19:49:35+00:00,2018-08-28T18:13:02+00:00,
Anaplans Cloud-Plattform erzielt Bestnoten bei Forrester,https://www.anaplan.com/de/resources/papers/forrester-report/,[Papiere],2017-02-15T19:47:22+00:00,2018-08-28T18:13:38+00:00,
Die Technologie hinter der Cloud-Plattform,https://www.anaplan.com/de/resources/papers/disruptive-technology/,[Papiere],2017-02-15T19:42:47+00:00,2018-08-28T18:14:05+00:00,
Wie optimieren Sie die Anreizvergütung Ihrer Vertriebsmannschaft?,https://www.anaplan.com/de/resources/papers/cso-report-incentive-comp/,[Papiere],2017-02-15T19:40:06+00:00,2018-02-26T23:27:06+00:00,
Die Vorteile von Anaplans Cloud-Plattform für die Planung in Unternehmen,https://www.anaplan.com/de/resources/papers/anaplan-platform/,[Papiere],2017-02-15T19:21:58+00:00,2018-08-28T18:14:40+00:00,
7 Gründe für die Wahl von Anaplan (und nicht Excel).,https://www.anaplan.com/de/resources/papers/7-reasons/,[Papiere],2017-02-15T19:18:52+00:00,2018-08-28T18:15:19+00:00,
Tata Steel vernetzt Vertrieb und Supply Chain,https://www.anaplan.com/de/customers/tata-steel/,"[Der Umsatz,Kunden,Lieferkette,Papiere]",2018-08-23T23:45:40+00:00,2018-08-29T18:03:23+00:00,
Eine vollautomatisierte Finanzlösung für ein Container-Terminal,https://www.anaplan.com/de/resources/case-studies/rwg-case-study/,[Fallstudien],2017-02-15T19:15:37+00:00,2018-08-28T18:16:12+00:00,
Weltweite Neustrukturierung der regionalen Vertriebs- und Quotenplanung.,https://www.anaplan.com/de/resources/case-studies/hp-case-study/,[Fallstudien],2017-02-15T19:14:28+00:00,2018-04-24T12:27:34+00:00,
Verbesserung der finanziellen und operativen Ergebnisse – Dank Anaplan.,https://www.anaplan.com/de/resources/case-studies/brussels-airlines-case-study/,"[Deloitte FP&A,Fallstudien]",2017-02-15T19:11:52+00:00,2018-08-28T18:17:12+00:00,
Anaplan for Sales,https://www.anaplan.com/de/resources/papers/anaplan-for-sales/,[],2018-06-11T17:48:32+00:00,2018-06-12T21:50:13+00:00,
Optimierung in Vertrieb und Forecasting dank Anaplan,https://www.anaplan.com/de/customers/stepstone-german/,"[Der Umsatz,Kunden,Papiere]",2018-05-21T18:07:31+00:00,2018-08-27T18:07:34+00:00,
Deloitte FP&#038;A,https://www.anaplan.com/de/webinars/deloitte-fpa/,"[Finanzen,Webinare]",2018-05-15T18:41:28+00:00,2018-08-17T18:33:55+00:00,
RSA verkürzt den FP&#038;A-Prozess um volle 4 Monate,https://www.anaplan.com/de/customers/rsa-group/,"[Kunden,Papiere,Videospiele]",2018-05-14T20:50:39+00:00,2018-08-17T18:35:23+00:00,
Anaplan wurde als „Leader“ in Gartners SCPM MQ bewertet.,https://www.anaplan.com/de/papers/anaplan-named-a-scpm-leader-by-gartner/,"[Finanzen,Papiere]",2018-04-03T17:19:51+00:00,2018-08-30T00:03:46+00:00,
BARC Planning Survey 2017,https://www.anaplan.com/de/resource/papers/barc-planning-survey-2017/,"[Deloitte FP&A,Papiere]",2018-01-31T20:11:04+00:00,2018-08-23T23:44:34+00:00,
Vers des fonctions S&#038;OP de nouvelle génération réellement connectées,https://www.anaplan.com/fr/papiers/vers-des-fonctions-sop-de-nouvelle-generation-reellement-connectees/,"[Articles livres blancs,Supply chain]",2018-09-25T11:36:26+00:00,2018-09-25T11:36:33+00:00,
Favoriser la collaboration entre Supply Chain et Finances : une approche bénéfique pour toute l’entreprise,https://www.anaplan.com/fr/papiers/favoriser-collaboration-entre-supply-chain-finances-approche-benefique-toute-entreprise/,"[Articles livres blancs,Finance,Supply chain]",2018-09-20T14:25:57+00:00,2018-09-25T10:20:56+00:00,
Être prêt pour IFRS 16 : Témoignage client d&#8217;IMERYS,https://www.anaplan.com/fr/webinars/etre-pret-pour-ifrs-16-temoignage-client-dimerys/,"[Finance,Webinars]",2018-05-06T09:41:15+00:00,2018-05-11T14:21:22+00:00,
Joining the Dots: How connected planning will transform banking,https://www.anaplan.com/fr/papiers/how-connected-planning-will-transform-banking/,"[Articles livres blancs,Finance]",2018-05-06T09:41:15+00:00,2018-05-11T15:33:10+00:00,
Gartner classe Anaplan parmi les « Leaders »,https://www.anaplan.com/fr/papiers/gartner-anaplan-leaders-2017-magic-quadrant/,"[Articles livres blancs,Finance]",2018-05-06T09:41:15+00:00,2018-05-11T15:43:54+00:00,
Anaplan pour la planification, la budgétisation et la prévision,https://www.anaplan.com/fr/papiers/anaplan-pour-la-planification-la-budgetisation-et-la-prevision/,"[Articles livres blancs,Finance]",2018-05-06T09:41:15+00:00,2018-05-11T15:38:27+00:00
Quels sont les principaux défis de l’industrie bancaire ?,https://www.anaplan.com/fr/webinars/quels-sont-les-principaux-defis-de-lindustrie-bancaire/,"[Finance,Webinars]",2018-05-06T09:41:15+00:00,2018-05-06T15:59:02+00:00,
La Direction Financière, véritable soutien et support des différents métiers opérationnels.,https://www.anaplan.com/fr/videos/maison-du-monde/,"[Customer story,Finance,Vidéos]",2018-05-06T09:41:14+00:00,2018-05-06T14:38:49+00:00
Cas clients : 4 valeurs clés perçues par les utilisateurs d&#8217;Anaplan,https://www.anaplan.com/fr/webinars/cas-clients-4-valeurs-cles-percues-utilisateurs-anaplan/,"[Finance,Webinars]",2018-05-06T09:41:14+00:00,2018-05-11T14:27:36+00:00,
Transformer les contrôleurs de gestion,https://www.anaplan.com/fr/webinars/transformer-controleurs-gestion-veritables-business-partners-4-etapes/,"[Finance,Webinars]",2018-05-06T09:41:14+00:00,2018-05-11T15:14:45+00:00,
Forrester TEI,https://www.anaplan.com/fr/papiers/forrester-tei/,"[Articles livres blancs,Finance]",2018-05-06T09:41:14+00:00,2018-05-11T15:42:58+00:00,
Planification budgétaire : connexion de SAP BFC et Anaplan,https://www.anaplan.com/fr/webinars/planification-budgetaire-connexion-sap-bfc-anaplan/,[Webinars],2018-05-06T09:41:14+00:00,2018-05-11T15:12:42+00:00,
Future Of Finance,https://www.anaplan.com/fr/events/future-of-finance/,"[Événements,Finance]",2018-09-14T11:44:56+00:00,2018-09-17T10:40:41+00:00,
Anaplan named a leader in SCPM by Gartner,https://www.anaplan.com/fr/papiers/anaplan-named-leader-scpm-gartner/,"[Articles livres blancs,Finance]",2018-05-06T09:41:13+00:00,2018-05-11T15:51:10+00:00,
Distribution : une nouvelle solution de planification de l’Offre et des Assortiments,https://www.anaplan.com/fr/papiers/planification-etape-cruciale-lacteurs-distribution-du-commerce-details/,"[Articles livres blancs,Finance]",2018-05-06T09:41:13+00:00,2018-05-11T15:53:07+00:00,
Anaplan Hub 17 Paris,https://www.anaplan.com/fr/videos/paris-hub-2017/,[Vidéos],2018-05-06T09:41:13+00:00,2018-05-07T13:53:55+00:00,
Anaplan présente : Itinéraire d&#8217;un CIO connecté,https://www.anaplan.com/fr/videos/anaplan-presente-itineraire-dun-cio-connecte/,"[Finance,Vidéos]",2018-05-06T09:41:13+00:00,2018-05-07T13:59:14+00:00,
AccorHotels,https://www.anaplan.com/fr/videos/accor-hotels/,[Vidéos],2018-05-06T09:41:12+00:00,2018-05-07T14:02:35+00:00,
Live webinar IFRS 16,https://www.anaplan.com/fr/webinar/5-a-20-jours-pour-etre-pret-sans-douleur/,[Webinars],2018-05-06T09:40:47+00:00,2018-05-11T15:17:53+00:00,
Projets industriels,https://www.anaplan.com/fr/webinar/optimisation-de-la-rentabilite-du-cycle-de-vie-dun-produit-dans-le-secteur-industriel/,[Webinars],2018-05-06T09:40:47+00:00,2018-05-11T15:20:48+00:00,
6 defis a relever avec Anaplan,https://www.anaplan.com/fr/papiers/6-defis-a-relever-avec-anaplan/,"[Articles livres blancs,Connected planning]",2018-05-06T09:40:46+00:00,2018-05-06T09:40:46+00:00,
La Harvard Business Review,https://www.anaplan.com/fr/papiers/la-harvard-business-review/,"[Articles livres blancs,Connected planning]",2018-05-06T09:40:46+00:00,2018-05-06T15:46:02+00:00,
Pilotage RH,https://www.anaplan.com/fr/webinar/pilotage-rh/,[Webinars],2018-05-06T09:40:46+00:00,2018-05-11T15:27:46+00:00,
Connected Supply Chain,https://www.anaplan.com/fr/papiers/connected-supply-chain/,"[Articles livres blancs,Supply chain]",2018-08-28T09:28:02+00:00,2018-08-28T09:28:27+00:00,
Hub16 Paris Highlight,https://www.anaplan.com/fr/videos/hub16-paris-highlight/,[Vidéos],2018-05-06T09:40:46+00:00,2018-05-07T14:05:45+00:00,
Forrester Wave,https://www.anaplan.com/fr/papiers/forrester-wave/,"[Articles livres blancs,Connected planning]",2018-05-06T09:40:45+00:00,2018-05-06T09:40:45+00:00,
Favoriser la collaboration entre supply chain et finances,https://www.anaplan.com/fr/papiers/favoriser-la-collaboration-entre-supply-chain-et-finances/,[Articles livres blancs],2018-05-06T09:40:45+00:00,2018-05-06T09:40:45+00:00,
Groupe Rocher,https://www.anaplan.com/fr/videos/groupe-rocher/,"[Finance,Vidéos]",2018-05-06T09:40:45+00:00,2018-05-07T14:15:50+00:00,
Hub16 Breakout Session,https://www.anaplan.com/fr/videos/hub16-breakout-session/,[Vidéos],2018-05-06T09:40:45+00:00,2018-05-06T16:03:25+00:00,
Hub16 table ronde,https://www.anaplan.com/fr/videos/hub16-table-ronde/,[Vidéos],2018-05-06T09:40:45+00:00,2018-05-07T14:20:35+00:00,
Mint Jutras,https://www.anaplan.com/fr/papiers/mint-jutras/,[Articles livres blancs],2018-05-06T09:40:45+00:00,2018-05-06T09:40:45+00:00,
7 raisons de passer des tableurs,https://www.anaplan.com/fr/papiers/7-raisons-de-passer-des-tableurs/,[Articles livres blancs],2018-05-06T09:40:44+00:00,2018-05-06T09:40:44+00:00,
Sales Forecasting,https://www.anaplan.com/fr/demos/sales-forecasting/,[Vidéos],2018-05-06T09:40:44+00:00,2018-05-07T15:32:32+00:00,
5 temoignages inspirants,https://www.anaplan.com/fr/papiers/5-temoignages-inspirants/,"[Articles livres blancs,Connected planning]",2018-05-06T09:40:44+00:00,2018-05-06T15:43:14+00:00,
SCMR Report,https://www.anaplan.com/fr/papiers/scmr-report/,"[Articles livres blancs,Supply chain]",2018-08-22T10:31:55+00:00,2018-08-22T10:33:39+00:00,
BlaBlaCar,https://www.anaplan.com/fr/videos/blablacar/,[Vidéos],2018-05-06T09:40:44+00:00,2018-05-06T09:40:44+00:00,
Quadran,https://www.anaplan.com/fr/videos/quadran-sappuie-sur-anaplan/,[Vidéos],2018-05-06T09:40:44+00:00,2018-05-07T15:34:56+00:00,
Optimisation des remunerations incitatives,https://www.anaplan.com/fr/papiers/optimisation-des-remunerations-incitatives/,[Articles livres blancs],2018-05-06T09:40:28+00:00,2018-05-06T09:40:28+00:00,
Anaplan Daydream,https://www.anaplan.com/fr/webinar/anaplan-daydream/,[Webinars],2018-05-06T09:40:28+00:00,2018-05-06T09:40:28+00:00,
Umanis,https://www.anaplan.com/fr/videos/umanis/,[Vidéos],2018-05-06T09:40:28+00:00,2018-05-07T15:35:41+00:00,
Paris Hub 2015,https://www.anaplan.com/fr/videos/paris-hub-2015/,[Vidéos],2018-05-06T09:40:28+00:00,2018-05-07T15:51:46+00:00,
Club les Echos Débats,https://www.anaplan.com/fr/papiers/le-book-les-echos-debats/,[Articles livres blancs],2018-05-06T09:40:28+00:00,2018-05-06T09:40:28+00:00,
Une nouvelle ere pour la planification dentreprise,https://www.anaplan.com/fr/papiers/une-nouvelle-ere-pour-la-planification-dentreprise/,[Articles livres blancs],2018-05-06T09:40:27+00:00,2018-05-06T09:40:28+00:00,
Investir sur de nouveaux marches prometteurs tout en reduisant les risques,https://www.anaplan.com/fr/papiers/investir-sur-de-nouveaux-marches-prometteurs-tout-en-reduisant-les-risques/,[Articles livres blancs],2018-05-06T09:40:27+00:00,2018-05-06T09:40:27+00:00,
Croitre cest planifier,https://www.anaplan.com/fr/webinars/croitre-cest-planifier/,[Webinars],2018-05-06T09:40:27+00:00,2018-05-06T09:40:27+00:00,
Connected Supply Chain Planning,https://www.anaplan.com/fr/papiers/connected-supply-chain-planning/,"[Articles livres blancs,Supply chain]",2018-08-20T11:16:18+00:00,2018-08-22T09:47:18+00:00,
Anaplan en action,https://www.anaplan.com/fr/videos/anaplan-en-action/,[Vidéos],2018-05-06T09:40:27+00:00,2018-05-15T14:25:06+00:00,
Remplacez en 30 mn votre tableur par une application anaplan,https://www.anaplan.com/fr/webinar/remplacez-en-30-mn-votre-tableur-par-une-application-anaplan/,[Webinars],2018-05-06T09:40:27+00:00,2018-05-06T09:40:27+00:00,
Plannifier collaborer et agir avec anaplan,https://www.anaplan.com/fr/webinar/plannifier-collaborer-et-agir-avec-anaplan/,[Webinars],2018-05-06T09:40:27+00:00,2018-05-06T09:40:27+00:00,
Legal and General,https://www.anaplan.com/fr/videos/legal-and-general/,[],2015-06-01T17:07:28+00:00,2018-09-17T16:36:47+00:00,
Le responsable marketing moderne seloigne enfin du tableur et voila pourquoi,https://www.anaplan.com/fr/papiers/le-responsable-marketing-moderne-seloigne-enfin-du-tableur-et-voila-pourquoi/,[Articles livres blancs],2018-05-06T09:40:27+00:00,2018-05-06T09:40:27+00:00,
Redonner les pleins pouvoirs de planification a la finance,https://www.anaplan.com/fr/papiers/redonner-les-pleins-pouvoirs-de-planification-a-la-finance/,[Articles livres blancs],2018-05-06T09:40:27+00:00,2018-05-06T09:40:27+00:00,
7 raisons depasser des tableurs,https://www.anaplan.com/fr/papiers/7-raisons-depasser-des-tableurs/,[Articles livres blancs],2018-05-06T09:40:26+00:00,2018-05-06T09:40:26+00:00,
Accor Hotels,https://www.anaplan.com/fr/videos/accorhotels/,[Vidéos],2018-05-06T09:40:26+00:00,2018-05-07T15:59:13+00:00,
Forescout,https://www.anaplan.com/fr/cas-client/forescout/,[Articles livres blancs],2018-05-06T09:40:26+00:00,2018-05-06T09:40:26+00:00,
La Révolution Cloud,https://www.anaplan.com/fr/videos/la-revolution-cloud/,[Vidéos],2018-05-06T09:40:26+00:00,2018-05-07T16:00:40+00:00,
Anaplan Hub 18 Paris Recap,https://www.anaplan.com/fr/videos/hcty-18-paris-recap/,[Vidéos],2018-07-10T16:19:50+00:00,2018-08-31T10:52:06+00:00,
Pour avancer dans la jungle Utilisez la finance comme GPS,https://www.anaplan.com/fr/papiers/pour-avancer-dans-la-jungle-utilisez-la-finance-comme-gps/,[Articles livres blancs],2018-05-06T09:40:26+00:00,2018-05-06T09:40:26+00:00,
Termoignage HP ventes et operations,https://www.anaplan.com/fr/videos/termoignage-hp-ventes-et-operations/,[Vidéos],2018-05-06T09:40:26+00:00,2018-05-07T16:03:35+00:00,
Toujours plus vite,https://www.anaplan.com/fr/infographie/toujours-plus-vite/,[Articles livres blancs],2018-05-06T09:39:40+00:00,2018-05-06T09:39:40+00:00,
Cas client Pandora,https://www.anaplan.com/fr/cas-client/pandora/,[Articles livres blancs],2018-05-06T09:39:40+00:00,2018-05-06T09:39:40+00:00,
7 raisons de choisir anaplan pour remplacer vos tableaux de planification,https://www.anaplan.com/fr/papiers/sept-bonnes-raisons-de-choisir-anaplan-pour-remplacer-vos-tableaux-de-planification/,[Articles livres blancs],2018-05-06T09:39:40+00:00,2018-05-06T09:39:40+00:00,
Darren Craddock Aviva,https://www.anaplan.com/fr/videos/darren-craddock-aviva/,[Vidéos],2018-05-06T09:39:40+00:00,2018-05-06T14:33:47+00:00,
Les dirigeants de HP,https://www.anaplan.com/fr/videos/les-dirigeants-de-hp/,[Vidéos],2018-05-06T09:39:40+00:00,2018-05-07T16:06:26+00:00,
Budget planning forecasting avec Anaplan,https://www.anaplan.com/fr/webinars/budget-planning-forecasting-avec-anaplan/,[Webinars],2018-05-06T09:39:40+00:00,2018-05-06T09:39:40+00:00,
Sue Barsamian HP,https://www.anaplan.com/fr/videos/sue-barsamian-hp/,[Vidéos],2018-05-06T09:39:40+00:00,2018-05-09T13:30:33+00:00,
McAfee,https://www.anaplan.com/fr/ressources/cas-client/mcafee/,[Articles livres blancs],2018-05-06T09:39:40+00:00,2018-05-06T09:39:40+00:00,
Gartner SPM Magic Quandrant 2018,https://www.anaplan.com/fr/papiers/anaplan-recognized-gartner-spm-mq-2018/,"[Articles livres blancs,Finance]",2018-07-09T13:48:20+00:00,2018-07-09T13:48:53+00:00,
Planification et prévision des flux de trésorerie,https://www.anaplan.com/fr/resource/planification-et-prevision-des-flux-de-tresorerie/,[],2018-05-06T09:39:40+00:00,2018-05-06T09:39:40+00:00,
La planification des effectifs,https://www.anaplan.com/fr/papiers/fiche-produit-anaplan-pour-les-rh/,[Articles livres blancs],2018-05-06T09:39:39+00:00,2018-05-06T09:39:39+00:00,
Pourquoi avez vous besoin dune technologie de rupture pour regler les problemes de planification,https://www.anaplan.com/fr/papiers/pourquoi-avez-vous-besoin-dune-technologie-de-rupture-pour-regler-les-problemes-de-planification/,[Articles livres blancs],2018-05-06T09:39:39+00:00,2018-05-06T09:39:39+00:00,
Les équipes commerciales ultra-performantes existent bien,https://www.anaplan.com/fr/papiers/les-equipes-commerciales-ultra-performantes-existent-bien/,[Articles livres blancs],2018-05-06T09:39:39+00:00,2018-05-06T09:39:39+00:00,
Pour la finance,https://www.anaplan.com/fr/papiers/fiche-produit-anaplan-pour-la-finance/,[Articles livres blancs],2018-05-06T09:39:39+00:00,2018-05-06T09:39:39+00:00,
La consolidation financiere,https://www.anaplan.com/fr/papiers/fiche-produit-la-consolidation-financiere/,[Articles livres blancs],2018-05-06T09:39:39+00:00,2018-05-06T09:39:39+00:00,
Le big data au service de la performance globale dentreprise,https://www.anaplan.com/fr/papiers/le-big-data-au-service-de-la-performance-globale-dentreprise/,[Articles livres blancs],2018-05-06T09:39:39+00:00,2018-05-06T09:39:39+00:00,
Anaplan pour les ventes,https://www.anaplan.com/fr/papiers/fiche-produit-anaplan-pour-les-ventes/,[Articles livres blancs],2018-05-06T09:39:39+00:00,2018-05-06T09:39:39+00:00,
Planification des ventes ca passe ou ca casse,https://www.anaplan.com/fr/papiers/planification-des-ventes-ca-passe-ou-ca-casse/,[Articles livres blancs],2018-05-06T09:39:39+00:00,2018-05-06T09:39:39+00:00,
Editeur de crm dans le cloud,https://www.anaplan.com/fr/cas-client/editeur-de-crm-dans-le-cloud/,[Articles livres blancs],2018-05-06T09:39:39+00:00,2018-05-06T09:39:39+00:00,
Prévisions de trésorerie et pilotage de la performance Cash,https://www.anaplan.com/fr/webinars/previsions-de-tresorerie-et-pilotage-de-la-performance-cash/,[Webinars],2018-05-14T10:01:57+00:00,2018-07-18T13:48:36+00:00,
Sanders,https://www.anaplan.com/fr/ressources/cas-client/sanders/,[Articles livres blancs],2018-05-04T10:46:53+00:00,2018-05-06T09:39:41+00:00,
Leadersconnect,https://www.anaplan.com/fr/evenement/leaders-connect/,[Paris],2018-02-14T07:00:22+00:00,2018-04-04T21:10:01+00:00,
Planification connectée pour les RH : Entrez dans la nouvelle ère !,https://www.anaplan.com/fr/webinars/planification-connectee-rh-entrez-nouvelle-ere/,"[Finance,Webinars]",2018-05-02T13:21:57+00:00,2018-07-30T09:21:23+00:00,
Retail planning 4.0: les tratégies gagnantes,https://www.anaplan.com/fr/papiers/retail-planning-4.0-les-trategies-gagnantes/,"[Articles livres blancs,Supply chain]",2018-05-06T09:41:15+00:00,2018-08-20T11:13:51+00:00,
Anaplan の導入準備の 5 つのベスト プラクティス,https://www.anaplan.com/jp/papers/five-best-practices-to-anaplan-readiness/,"[Papers,Platform,White paper]",2018-06-25T05:15:50+00:00,2018-06-25T18:34:20+00:00,
Anaplanによる顧客アカウントのセグメント化と点数化,https://www.anaplan.com/jp/papers/account-segmentation-and-scoring/,"[Datasheet,Sales]",2018-07-19T20:45:15+00:00,2018-07-19T20:47:07+00:00,
コネクテッド サプライ チェーン計画,https://www.anaplan.com/jp/papers/connected-supply-chain-planning/,"[Papers,Supply chain,White paper]",2018-06-22T05:24:48+00:00,2018-06-29T23:58:41+00:00,
サプライ チェーン全体の連携が業績向上をもたらす理由,https://www.anaplan.com/jp/papers/connecting-supply-chain-improves-business-performance/,"[Papers,Research report,Supply chain,White paper]",2018-07-19T20:24:44+00:00,2018-07-19T20:24:44+00:00,
サプライチェーン計画を 収益性につなげる,https://www.anaplan.com/jp/papers/connecting-supply-chain-planning-profitability/,"[Finance,Papers,Supply chain,White paper]",2018-07-05T21:07:15+00:00,2018-07-05T21:07:15+00:00,
すべての要素を網羅した包括的な営業報酬計画を,https://www.anaplan.com/jp/papers/construct-optimized-sales-compensation-plan/,"[Papers,Research report,Sales,White paper]",2018-07-19T18:57:49+00:00,2018-07-19T18:57:49+00:00,
セキュリティの概要,https://www.anaplan.com/jp/papers/anaplan-architecture-and-security-controls/,"[IT,Papers,Platform,White paper]",2018-06-22T05:43:54+00:00,2018-06-27T16:58:33+00:00,
ゼロベース予算編成のための5つのベストプラクティス,https://www.anaplan.com/jp/papers/5-best-practices-to-world-class-zero-based-budgeting-during-2016/,"[Finance,Papers,White paper]",2018-07-05T20:27:07+00:00,2018-07-06T19:53:23+00:00,
ビジネス継続性とディザスタリカバリ,https://www.anaplan.com/jp/papers/disaster-recovery/,"[IT,Papers,White paper]",2018-07-05T20:47:08+00:00,2018-07-05T20:49:08+00:00,
企業の計画立案・予算編成システム選定のための5つの検討事項,https://www.anaplan.com/jp/papers/five-things-to-look-for-in-an-enterprise-planning-and-budgeting-system/,"[Finance,IT,Papers,White paper]",2018-07-05T21:21:38+00:00,2018-07-06T18:23:10+00:00,
成長をもたらす財務部門主導型の統合事業計画立案に向けた3つのステップ,https://www.anaplan.com/jp/papers/hbr-finance-paper/,"[Finance,Papers,White paper]",2018-07-05T18:31:44+00:00,2018-07-05T20:31:42+00:00,
戦略的計画立案のための、新たな作戦,https://www.anaplan.com/jp/papers/hbr-the-new-game-plan-to-strategic-planning/,"[Papers,Platform,Research report,Sales,White paper]",2018-07-19T18:44:44+00:00,2018-07-19T18:47:04+00:00,
Aviva,https://www.anaplan.com/jp/customers/aviva/,"[Case studies,Customer story]",2018-05-17T21:40:05+00:00,2018-05-17T21:40:05+00:00,
表計算シートでの計画立案から移行すべき7 つの理由,https://www.anaplan.com/jp/papers/7-reasons-to-choose-anaplan-to-replace-your-planning-spreadsheets/,"[Papers,Platform,White paper]",2018-07-05T18:59:01+00:00,2018-07-11T17:25:42+00:00,
計画立案の主導権をファイナンス部門に取り戻す,https://www.anaplan.com/jp/papers/finance-whitepaper/,"[Finance,Papers,White paper]",2018-07-19T17:55:08+00:00,2018-07-19T18:45:32+00:00,
CRMデータを瞬時に分析、把握し、企業の競争力を強化する,https://www.anaplan.com/jp/webinars/analyze-grasp-crm-data-instantaneously-strengthen-companys-competitiveness/,[Webinars],2018-05-17T17:39:19+00:00,2018-06-25T18:28:05+00:00,
Del Monte,https://www.anaplan.com/jp/videos/del-monte/,[],2017-10-01T11:48:53+00:00,2018-09-14T16:54:57+00:00,
Excelitas,https://www.anaplan.com/jp/videos/excelitas/,"[Customer story,Videos]",2018-05-17T21:11:43+00:00,2018-05-17T21:11:43+00:00,
HP,https://www.anaplan.com/jp/customers/hp/,"[Case studies,Customer story]",2018-05-17T21:47:50+00:00,2018-05-17T21:47:50+00:00,
Leaders Connect,https://www.anaplan.com/jp/events/leaders-connect/,[],2016-04-26T23:12:50+00:00,2017-02-17T21:50:36+00:00,
United Airlines,https://www.anaplan.com/jp/videos/united-airlines/,"[Case studies,Customer story,Videos]",2018-05-17T21:23:59+00:00,2018-05-17T21:23:59+00:00,
How connecting the supply chain improves business performance,https://anaplan.staging.wpengine.com/ru/resource/papers/how-connecting-the-supply-chain-improves-business-performance/,"[Papers,Supply Chain]",2018-08-14T23:16:54+00:00,2018-08-15T16:30:40+00:00,
Connecting supply chain planning to profitability,https://anaplan.com/ru/resource/papers/connecting-supply-chain-planning-to-profitability/,"[Finance,Papers,Resources,Supply Chain]",2018-07-05T18:41:00+00:00,2018-07-09T17:54:22+00:00,
Activition case study,https://anaplan.com/ru/resources/case-studies/activition-case-study/,[Case Studies],2017-02-15T19:15:07+00:00,2017-03-23T17:54:40+00:00,
HP,https://anaplan.com/ru/resources/case-studies/hp-case-study/,[Case Studies],2017-02-15T18:58:45+00:00,2017-03-23T17:45:24+00:00,
Mcafee case study,https://anaplan.com/ru/resources/customers/mcafeeru-case-study,[Customers],2017-02-15T18:57:47+00:00,2017-03-22T23:13:41+00:00,
RWG,https://anaplan.com/ru/resources/customers/rwg/,[Case Studies],2017-02-15T18:56:04+00:00,2017-06-15T19:34:02+00:00,
5 reasons,https://anaplan.com/ru/resources/papers/5-reasons/,[Papers],2017-02-15T18:54:24+00:00,2017-06-30T20:36:26+00:00,
7 reasons,https://anaplan.com/ru/resources/papers/7-reasons/,[Papers],2017-02-15T18:53:41+00:00,2017-06-30T20:31:14+00:00,
Anaplan platform,https://anaplan.com/ru/resources/papers/anaplan-platform/,[Papers],2017-02-15T18:53:00+00:00,2017-06-30T20:51:19+00:00,
Blind spots sales,https://anaplan.com/ru/resources/papers/blind-spots-sales/,[Papers],2017-02-15T18:52:20+00:00,2017-06-30T20:52:04+00:00,
Consolidation automation,https://anaplan.com/ru/resources/papers/consolidation-automation/,[Papers],2017-02-15T18:51:29+00:00,2017-06-30T20:44:47+00:00,
Consolidation trends,https://anaplan.com/ru/resources/papers/consolidation-trends/,[Papers],2017-02-15T18:49:50+00:00,2017-06-30T20:46:37+00:00,
Сокращение цикла бюджетирования и эффективное управление портфелем проектов,https://anaplan.com/ru/resources/videos/korus/,"[Finance,Resources,Videos]",2018-04-11T22:07:35+00:00,2018-04-16T18:00:08+00:00,
Financial Consolidation,https://anaplan.com/ru/resources/papers/financial-consolidation/,[Papers],2017-02-15T18:48:20+00:00,2017-06-30T20:48:34+00:00,
High performance sales teams,https://anaplan.com/ru/resource/papers/high-performance-sales-teams/,[Papers],2017-02-15T18:47:16+00:00,2017-06-30T20:58:56+00:00,
Hyper Growth,https://anaplan.com/ru/resources/papers/hyper-growth/,[Papers],2017-02-15T18:45:24+00:00,2017-06-30T21:06:58+00:00,
Mint Jutras Report,https://anaplan.com/ru/resources/papers/mint-jutras-report/,[Papers],2017-02-15T18:38:10+00:00,2017-06-30T21:06:18+00:00,
Brussels Airlines,https://anaplan.com/ru/resources/case-studies/brussels-airlines/,[Case Studies],2017-02-15T18:35:03+00:00,2017-06-15T21:23:46+00:00,
Kimberly Clark,https://anaplan.com/ru/resource/case-studies/kimberly-clark/,[Case Studies],2017-02-15T18:33:40+00:00,2018-04-18T17:16:33+00:00,
Gartner 2017 Sales Performance Management Magic Quadrant,https://anaplan.com/ru/resources/papers/anaplan-named-a-SCPM-leader-by-gartner/,"[Papers,Resources]",2018-02-24T00:29:51+00:00,2018-03-09T18:22:42+00:00,
Gartner 2018 Sales Performance Management Magic Quadrant,https://anaplan.com/ru/resources/papers/gartner-2018-sales-performance-management-magic-quadrant/,[Papers],2018-02-16T01:19:55+00:00,2018-02-16T17:07:54+00:00,
Browse events in your area,https://anaplan.com/ru/resources/events/leaders-connect/,[],2016-04-26T23:12:50+00:00,2017-02-17T21:50:36+00:00,
Harvard Business Review,https://anaplan.com/ru/resources/papers/hbr-report/,[Papers],2017-03-22T17:33:27+00:00,2017-06-30T21:25:00+00:00,
Marketing Slideshare,https://anaplan.com/ru/resources/papers/marketing-slideshare/,[Papers],2017-03-21T01:06:58+00:00,2017-03-22T23:12:44+00:00,
Finance Slideshare,https://anaplan.com/ru/resources/papers/finance-slideshare/,[Papers],2017-03-21T00:59:39+00:00,2017-03-23T18:59:05+00:00,
Medsi CS Article,https://anaplan.com/ru/resources/case-studies/medsi-cs-article/,[Case Studies],2017-02-27T21:49:47+00:00,2017-04-17T21:38:48+00:00,